SQL> select 'check'from dual;

'CHECK'                                                                         
----------                                                                      
check                                                                           

SQL> ed
Wrote file afiedt.buf

  1  create table ck_tab2(
  2  	deptno number(2),
  3  	dname char(14),
  4  	loc      char(13),
  5* 	constraint ck_tab2_deptno_ck check(deptno in (10,20,30,40,50))
SQL> /
	constraint ck_tab2_deptno_ck check(deptno in (10,20,30,40,50))
	                                                             *
ERROR at line 5:
ORA-00907: missing right parenthesis 


SQL> ed
Wrote file afiedt.buf

  1  create table ck_tab2(
  2  	deptno number(2),
  3  	dname char(14),
  4  	loc      char(13),
  5  	constraint ck_tab2_deptno_ck check(deptno in (10,20,30,40,50))
  6* )
SQL> /

Table created.

SQL> select * from tab;

TNAME                                                        TABTYPE            
------------------------------------------------------------ --------------     
 CLUSTERID                                                                      
----------                                                                      
BONUS                                                        TABLE              
                                                                                
                                                                                
CK_TAB2                                                      TABLE              
                                                                                
                                                                                
DEPT                                                         TABLE              
                                                                                
                                                                                

TNAME                                                        TABTYPE            
------------------------------------------------------------ --------------     
 CLUSTERID                                                                      
----------                                                                      
DEPT_TAB                                                     TABLE              
                                                                                
                                                                                
EMP                                                          TABLE              
                                                                                
                                                                                
SALGRADE                                                     TABLE              
                                                                                
                                                                                

TNAME                                                        TABTYPE            
------------------------------------------------------------ --------------     
 CLUSTERID                                                                      
----------                                                                      
TEST_TAB1                                                    TABLE              
                                                                                
                                                                                
TIMESTAMP_TEST                                               TABLE              
                                                                                
                                                                                

8 rows selected.

SQL> col tname format a15
SQL> r
  1* select * from tab

TNAME           TABTYPE         CLUSTERID                                       
--------------- -------------- ----------                                       
BONUS           TABLE                                                           
CK_TAB2         TABLE                                                           
DEPT            TABLE                                                           
DEPT_TAB        TABLE                                                           
EMP             TABLE                                                           
SALGRADE        TABLE                                                           
TEST_TAB1       TABLE                                                           
TIMESTAMP_TEST  TABLE                                                           

8 rows selected.

SQL> ed
Wrote file afiedt.buf

  1  create table post(
  2  	post1	char(3),
  3  	post2	char(3),
  4  	addr	varchar2(60)constraint post_addr_nn not null,
  5  	constraint post_post12_pk primary key(post1,post2)
  6* )
SQL> 
SQL> ;
  1  create table post(
  2  	post1	char(3),
  3  	post2	char(3),
  4  	addr	varchar2(60)constraint post_addr_nn not null,
  5  	constraint post_post12_pk primary key(post1,post2)
  6* )
SQL> ed
Wrote file afiedt.buf

  1  create table post(
  2  	post1	char(3),
  3  	post2	char(3),
  4  	addr	varchar2(60)constraint post_addr_nn not null,
  5  	constraint post_post12_pk primary key(post1,post2)
  6* )
SQL> /

Table created.

SQL> select * from tab
  2  
SQL> select * from tab;

TNAME           TABTYPE         CLUSTERID                                       
--------------- -------------- ----------                                       
BONUS           TABLE                                                           
CK_TAB2         TABLE                                                           
DEPT            TABLE                                                           
DEPT_TAB        TABLE                                                           
EMP             TABLE                                                           
POST            TABLE                                                           
SALGRADE        TABLE                                                           
TEST_TAB1       TABLE                                                           
TIMESTAMP_TEST  TABLE                                                           

9 rows selected.

SQL> ed
Wrote file afiedt.buf

  1  create table post(
  2  	post1	char(3),
  3  	post2	char(3),
  4  	addr	varchar2(60) constraint post_addr_nn not null,
  5* 	constraint post_post12_pk primary key (post,post2));
SQL> /
	constraint post_post12_pk primary key (post,post2));
	                                                   *
ERROR at line 5:
ORA-00911: invalid character 


SQL> ed
Wrote file afiedt.buf

  1  create table post(
  2  	post1	char(3),
  3  	post2	char(3),
  4  	addr	varchar2(60) constraint post_addr_nn not null,
  5* 	constraint post_post12_pk primary key (post,post2))
SQL> /
	constraint post_post12_pk primary key (post,post2))
	                                       *
ERROR at line 5:
ORA-00904: "POST": invalid identifier 


SQL> ed
Wrote file afiedt.buf

  1  create table post(
  2  	post1	char(3),
  3  	post2	char(3),
  4  	addr	varchar2(60) constraint post_addr_nn not null,
  5* 	constraint post_post12_pk primary key (post1,post2))
SQL> /
create table post(
             *
ERROR at line 1:
ORA-00955: name is already used by an existing object 


SQL> ed
Wrote file afiedt.buf

  1    create table post(
  2       	post1   char(3),
  3      	post2   char(3),
  4       	addr    varchar2(60)constraint post_addr_nn not null,
  5      	constraint post_post12_pk primary key(post1,post2)
  6*  * )
SQL> 
SQL> /
 * )
 *
ERROR at line 6:
ORA-00907: missing right parenthesis 


SQL> ed
Wrote file afiedt.buf

  1    create table post(
  2       	post1   char(3),
  3      	post2   char(3),
  4       	addr    varchar2(60)constraint post_addr_nn not null,
  5      	constraint post_post12_pk primary key(post1,post2)
  6* )
SQL> /
  create table post(
               *
ERROR at line 1:
ORA-00955: name is already used by an existing object 


SQL> select * from tab;

TNAME           TABTYPE         CLUSTERID                                       
--------------- -------------- ----------                                       
BONUS           TABLE                                                           
CK_TAB2         TABLE                                                           
DEPT            TABLE                                                           
DEPT_TAB        TABLE                                                           
EMP             TABLE                                                           
POST            TABLE                                                           
SALGRADE        TABLE                                                           
TEST_TAB1       TABLE                                                           
TIMESTAMP_TEST  TABLE                                                           

9 rows selected.

SQL> ed
Wrote file afiedt.buf

  1* select * from tab
SQL> select * from post;

no rows selected

SQL> desc post;
 Name                                      Null?    Type
 ----------------------------------------- -------- ----------------------------
 POST1                                     NOT NULL CHAR(3)
 POST2                                     NOT NULL CHAR(3)
 ADDR                                      NOT NULL VARCHAR2(60)

SQL> ed
Wrote file afiedt.buf

  1  create table member(
  2  	id	number(4) constraint member_id_pk primary key,
  3  	name	varchar(10) constraint member_name_nn not null,
  4  	gender	char(1) constraint member_gender_ck check(gender IN ('1','2')),
  5  	jumin1	char(6),
  6  	jumin2	char(7),
  7  	tel	varchar2(15),
  8  	post1	char(3),
  9  	post2	char(3),
 10  	addr	varchar2(60),
 11  constraint member_jumin12_uk unique (jumin1,jumin2),
 12  constraint member_post12_fk foreign key (post,post2)
 13* 	references post (post1,post2));
SQL> /
	references post (post1,post2));
	                              *
ERROR at line 13:
ORA-00911: invalid character 


SQL> ed
Wrote file afiedt.buf

  1  create table member(
  2  	id	number(4) constraint member_id_pk primary key,
  3  	name	varchar(10) constraint member_name_nn not null,
  4  	gender	char(1) constraint member_gender_ck check(gender IN ('1','2')),
  5  	jumin1	char(6),
  6  	jumin2	char(7),
  7  	tel	varchar2(15),
  8  	post1	char(3),
  9  	post2	char(3),
 10  	addr	varchar2(60),
 11  constraint member_jumin12_uk unique (jumin1,jumin2),
 12  constraint member_post12_fk foreign key (post,post2)
 13* 	references post (post1,post2))
SQL> /
constraint member_post12_fk foreign key (post,post2)
                                         *
ERROR at line 12:
ORA-00904: "POST": invalid identifier 


SQL> ed
Wrote file afiedt.buf

  1  create table member(
  2  	id	number(4) constraint member_id_pk primary key,
  3  	name	varchar(10) constraint member_name_nn not null,
  4  	gender	char(1) constraint member_gender_ck check(gender IN ('1','2')),
  5  	jumin1	char(6),
  6  	jumin2	char(7),
  7  	tel	varchar2(15),
  8  	post1	char(3),
  9  	post2	char(3),
 10  	addr	varchar2(60),
 11  constraint member_jumin12_uk unique (jumin1,jumin2),
 12  constraint member_post12_fk foreign key (post1,post2)
 13* 	references post (post1,post2))
SQL> /

Table created.

SQL> desc post;
 Name                                      Null?    Type
 ----------------------------------------- -------- ----------------------------
 POST1                                     NOT NULL CHAR(3)
 POST2                                     NOT NULL CHAR(3)
 ADDR                                      NOT NULL VARCHAR2(60)

SQL> desc member;
 Name                                      Null?    Type
 ----------------------------------------- -------- ----------------------------
 ID                                        NOT NULL NUMBER(4)
 NAME                                      NOT NULL VARCHAR2(10)
 GENDER                                             CHAR(1)
 JUMIN1                                             CHAR(6)
 JUMIN2                                             CHAR(7)
 TEL                                                VARCHAR2(15)
 POST1                                              CHAR(3)
 POST2                                              CHAR(3)
 ADDR                                               VARCHAR2(60)

SQL> select '테이블 열 추가' from dual;

'테이블열추가'                                                                  
----------------------------------------                                        
테이블 열 추가                                                                  

SQL> select 5*10 from dual;

      5*10                                                                      
----------                                                                      
        50                                                                      

SQL> select * from tab;

TNAME           TABTYPE         CLUSTERID                                       
--------------- -------------- ----------                                       
BONUS           TABLE                                                           
CK_TAB2         TABLE                                                           
DEPT            TABLE                                                           
DEPT_TAB        TABLE                                                           
EMP             TABLE                                                           
MEMBER          TABLE                                                           
POST            TABLE                                                           
SALGRADE        TABLE                                                           
TEST_TAB1       TABLE                                                           
TIMESTAMP_TEST  TABLE                                                           

10 rows selected.

SQL> desc bounus;
ERROR:
ORA-04043: object bounus does not exist 


SQL> desc bonus;
 Name                                      Null?    Type
 ----------------------------------------- -------- ----------------------------
 ENAME                                              VARCHAR2(10)
 JOB                                                VARCHAR2(9)
 SAL                                                NUMBER
 COMM                                               NUMBER

SQL> ed
Wrote file afiedt.buf

  1  alter table bonus
  2* add (etc varchar2(64))
SQL> /

Table altered.

SQL> desc bonus;
 Name                                      Null?    Type
 ----------------------------------------- -------- ----------------------------
 ENAME                                              VARCHAR2(10)
 JOB                                                VARCHAR2(9)
 SAL                                                NUMBER
 COMM                                               NUMBER
 ETC                                                VARCHAR2(64)

SQL> ed
Wrote file afiedt.buf

  1  create table emp_30
  2  as select *
  3  from emp
  4* where deptno=30
SQL> /

Table created.

SQL> desc emp_30
 Name                                      Null?    Type
 ----------------------------------------- -------- ----------------------------
 EMPNO                                              NUMBER(4)
 ENAME                                              VARCHAR2(10)
 JOB                                                VARCHAR2(9)
 MGR                                                NUMBER(4)
 HIREDATE                                           DATE
 SAL                                                NUMBER(7,2)
 COMM                                               NUMBER(7,2)
 DEPTNO                                             NUMBER(2)

SQL> ed
Wrote file afiedt.buf

  1  alter table emp_30
  2* modify (ename varchar2(15)
SQL> /
modify (ename varchar2(15)
                         *
ERROR at line 2:
ORA-00907: missing right parenthesis 


SQL> desc emp_30
 Name                                      Null?    Type
 ----------------------------------------- -------- ----------------------------
 EMPNO                                              NUMBER(4)
 ENAME                                              VARCHAR2(10)
 JOB                                                VARCHAR2(9)
 MGR                                                NUMBER(4)
 HIREDATE                                           DATE
 SAL                                                NUMBER(7,2)
 COMM                                               NUMBER(7,2)
 DEPTNO                                             NUMBER(2)

SQL> ed
Wrote file afiedt.buf

  1  alter table emp_30
  2* modify (ename varchar2(15))
SQL> /

Table altered.

SQL> desc emp_30
 Name                                      Null?    Type
 ----------------------------------------- -------- ----------------------------
 EMPNO                                              NUMBER(4)
 ENAME                                              VARCHAR2(15)
 JOB                                                VARCHAR2(9)
 MGR                                                NUMBER(4)
 HIREDATE                                           DATE
 SAL                                                NUMBER(7,2)
 COMM                                               NUMBER(7,2)
 DEPTNO                                             NUMBER(2)

SQL> ed
Wrote file afiedt.buf

  1  alter table bonus
  2* drop column(etc)
SQL> /
drop column(etc)
           *
ERROR at line 2:
ORA-00904: : invalid identifier 


SQL> ed
Wrote file afiedt.buf

  1  alter table bonus
  2* drop column (etc)
SQL> /
drop column (etc)
            *
ERROR at line 2:
ORA-00904: : invalid identifier 


SQL> ed
Wrote file afiedt.buf

  1  alter table bonus
  2* drop column(etc)
SQL> /
drop column(etc)
           *
ERROR at line 2:
ORA-00904: : invalid identifier 


SQL> ed
Wrote file afiedt.buf

  1  alter table bonus
  2* drop column etc
SQL> /

Table altered.

SQL> desc bonus;
 Name                                      Null?    Type
 ----------------------------------------- -------- ----------------------------
 ENAME                                              VARCHAR2(10)
 JOB                                                VARCHAR2(9)
 SAL                                                NUMBER
 COMM                                               NUMBER

SQL> ed
Wrote file afiedt.buf

  1  alter table bonus
  2* drop column etc
SQL> select *from tab;

TNAME           TABTYPE         CLUSTERID                                       
--------------- -------------- ----------                                       
BONUS           TABLE                                                           
CK_TAB2         TABLE                                                           
DEPT            TABLE                                                           
DEPT_TAB        TABLE                                                           
EMP             TABLE                                                           
EMP_30          TABLE                                                           
MEMBER          TABLE                                                           
POST            TABLE                                                           
SALGRADE        TABLE                                                           
TEST_TAB1       TABLE                                                           
TIMESTAMP_TEST  TABLE                                                           

11 rows selected.

SQL> drop table emp_30;

Table dropped.

SQL> select * from tab;

TNAME           TABTYPE         CLUSTERID                                       
--------------- -------------- ----------                                       
BIN$T9kuAcw/S/+ TABLE                                                           
bkmKoQfRA2w==$0                                                                 
                                                                                
BONUS           TABLE                                                           
CK_TAB2         TABLE                                                           
DEPT            TABLE                                                           
DEPT_TAB        TABLE                                                           
EMP             TABLE                                                           
MEMBER          TABLE                                                           
POST            TABLE                                                           
SALGRADE        TABLE                                                           

TNAME           TABTYPE         CLUSTERID                                       
--------------- -------------- ----------                                       
TEST_TAB1       TABLE                                                           
TIMESTAMP_TEST  TABLE                                                           

11 rows selected.

SQL> select '쓰레기 테이블 삭제' from dual;

'쓰레기테이블삭제'                                                              
----------------------------------------------------                            
쓰레기 테이블 삭제                                                              

SQL> show recyclebin;
ORIGINAL NAME    RECYCLEBIN NAME                OBJECT TYPE  DROP TIME          
---------------- ------------------------------ ------------ -------------------
EMP_30           BIN$T9kuAcw/S/+bkmKoQfRA2w==$0 TABLE        2019-11-26:10:37:31
SQL> purge recyclebin;

Recyclebin purged.

SQL> show recyclebin;
SQL> select * from tab;

TNAME           TABTYPE         CLUSTERID                                       
--------------- -------------- ----------                                       
BONUS           TABLE                                                           
CK_TAB2         TABLE                                                           
DEPT            TABLE                                                           
DEPT_TAB        TABLE                                                           
EMP             TABLE                                                           
MEMBER          TABLE                                                           
POST            TABLE                                                           
SALGRADE        TABLE                                                           
TEST_TAB1       TABLE                                                           
TIMESTAMP_TEST  TABLE                                                           

10 rows selected.

SQL> desc emp;
 Name                                      Null?    Type
 ----------------------------------------- -------- ----------------------------
 EMPNO                                     NOT NULL NUMBER(4)
 ENAME                                              VARCHAR2(10)
 JOB                                                VARCHAR2(9)
 MGR                                                NUMBER(4)
 HIREDATE                                           DATE
 SAL                                                NUMBER(7,2)
 COMM                                               NUMBER(7,2)
 DEPTNO                                             NUMBER(2)

SQL> select * from tab;

TNAME           TABTYPE         CLUSTERID                                       
--------------- -------------- ----------                                       
BONUS           TABLE                                                           
CK_TAB2         TABLE                                                           
DEPT            TABLE                                                           
DEPT_TAB        TABLE                                                           
EMP             TABLE                                                           
MEMBER          TABLE                                                           
POST            TABLE                                                           
SALGRADE        TABLE                                                           
TEST_TAB1       TABLE                                                           
TIMESTAMP_TEST  TABLE                                                           

10 rows selected.

SQL> comment on table emp
  2  is '직원 관리 테이블';

Comment created.

SQL> select *from tab;

TNAME           TABTYPE         CLUSTERID                                       
--------------- -------------- ----------                                       
BONUS           TABLE                                                           
CK_TAB2         TABLE                                                           
DEPT            TABLE                                                           
DEPT_TAB        TABLE                                                           
EMP             TABLE                                                           
MEMBER          TABLE                                                           
POST            TABLE                                                           
SALGRADE        TABLE                                                           
TEST_TAB1       TABLE                                                           
TIMESTAMP_TEST  TABLE                                                           

10 rows selected.

SQL> select * from user_tab_comments;

TABLE_NAME                                                                      
------------------------------------------------------------                    
TABLE_TYPE                                                                      
----------------------                                                          
COMMENTS                                                                        
--------------------------------------------------------------------------------
DEPT                                                                            
TABLE                                                                           
                                                                                
                                                                                
EMP                                                                             
TABLE                                                                           
직원 관리 테이블                                                                

TABLE_NAME                                                                      
------------------------------------------------------------                    
TABLE_TYPE                                                                      
----------------------                                                          
COMMENTS                                                                        
--------------------------------------------------------------------------------
                                                                                
BONUS                                                                           
TABLE                                                                           
                                                                                
                                                                                
SALGRADE                                                                        
TABLE                                                                           

TABLE_NAME                                                                      
------------------------------------------------------------                    
TABLE_TYPE                                                                      
----------------------                                                          
COMMENTS                                                                        
--------------------------------------------------------------------------------
                                                                                
                                                                                
TIMESTAMP_TEST                                                                  
TABLE                                                                           
                                                                                
                                                                                
TEST_TAB1                                                                       

TABLE_NAME                                                                      
------------------------------------------------------------                    
TABLE_TYPE                                                                      
----------------------                                                          
COMMENTS                                                                        
--------------------------------------------------------------------------------
TABLE                                                                           
                                                                                
                                                                                
DEPT_TAB                                                                        
TABLE                                                                           
                                                                                
                                                                                

TABLE_NAME                                                                      
------------------------------------------------------------                    
TABLE_TYPE                                                                      
----------------------                                                          
COMMENTS                                                                        
--------------------------------------------------------------------------------
CK_TAB2                                                                         
TABLE                                                                           
                                                                                
                                                                                
POST                                                                            
TABLE                                                                           
                                                                                

TABLE_NAME                                                                      
------------------------------------------------------------                    
TABLE_TYPE                                                                      
----------------------                                                          
COMMENTS                                                                        
--------------------------------------------------------------------------------
                                                                                
MEMBER                                                                          
TABLE                                                                           
                                                                                
                                                                                

10 rows selected.

SQL> col table_name format a15
SQL> col comments format a30
SQL> r
  1* select * from user_tab_comments

TABLE_NAME      TABLE_TYPE             COMMENTS                                 
--------------- ---------------------- ------------------------------           
MEMBER          TABLE                                                           
POST            TABLE                                                           
CK_TAB2         TABLE                                                           
DEPT_TAB        TABLE                                                           
TEST_TAB1       TABLE                                                           
TIMESTAMP_TEST  TABLE                                                           
SALGRADE        TABLE                                                           
BONUS           TABLE                                                           
EMP             TABLE                  직원 관리 테이블                         
DEPT            TABLE                                                           

10 rows selected.

SQL> conn /as sysdba
Connected.
SQL> cerate or replace directory ext_tables as 'c:\DEV\';
SP2-0734: unknown command beginning "cerate or ..." - rest of line ignored.
SQL> ed
Wrote file afiedt.buf

  1* cerate or replace directory ext_tables as 'c:\DEV\'
SQL> 
SQL> /
cerate or replace directory ext_tables as 'c:\DEV\'
*
ERROR at line 1:
ORA-00900: invalid SQL statement 


SQL> cerate or replace directory ext_tables as 'C:\DEV\'
SP2-0734: unknown command beginning "cerate or ..." - rest of line ignored.
SQL> ed
Wrote file afiedt.buf

  1  create table
  2  (
  3  )
  4  oragenizetion external
  5  (
  6* )
SQL> create table
  2  (
  3  )
  4  oragenizetion external
  5  (
  6  )
  7  create or replace diectory ext_tables as 'c\DEV\'
  8  ed
  9  /
(
*
ERROR at line 2:
ORA-00903: invalid table name 


SQL> ed
Wrote file afiedt.buf

  1* create or replace diectory ext_tables as 'c\DEV\'
SQL> ;
  1* create or replace diectory ext_tables as 'c\DEV\'
SQL> ed
Wrote file afiedt.buf

  1  create table
  2  (
  3  	order_id number(12),
  4  	line_item_id	number(3),
  5  	product_id	number(6),
  6  	unit_price	number(8,2),
  7  	quantity number(8)
  8  )
  9  oragenizetion external
 10  (
 11  	TYPE oracle_loader
 12  	DEFAULT DIRECTORY ext_tables
 13  	ACCESS PARAMETERS
 14  	(
 15  		reconds delimited by newline fields terminated by','
 16  	)
 17  	LOCATION('order1.txt','order2.txt')
 18* )
SQL> /
(
*
ERROR at line 2:
ORA-00903: invalid table name 


SQL> ed
Wrote file afiedt.buf

  1  create table
  2  (
  3  	order_id number(12),
  4  	line_item_id	number(3),
  5  	product_id	number(6),
  6  	unit_price	number(8,2),
  7  	quantity number(8)
  8  )
  9  oraganization external
 10  (
 11  	TYPE oracle_loader
 12  	DEFAULT DIRECTORY ext_tables
 13  	ACCESS PARAMETERS
 14  	(
 15  		reconds delimited by newline fields terminated by','
 16  	)
 17  	LOCATION('order1.txt','order2.txt')
 18* )
SQL> /
(
*
ERROR at line 2:
ORA-00903: invalid table name 


SQL> ed
Wrote file afiedt.buf

  1  create table
  2  (
  3  	order_id number(12),
  4  	line_item_id	number(3),
  5  	product_id	number(6),
  6  	unit_price	number(8,2),
  7  	quantity number(8)
  8  )
  9  oraganization external
 10  (
 11  	TYPE oracle_loader
 12  	DEFAULT DIRECTORY ext_tables
 13  	ACCESS PARAMETERS
 14  	(
 15  		records delimited by newline fields terminated by','
 16  	)
 17  	LOCATION('order1.txt','order2.txt')
 18* )
SQL> /
(
*
ERROR at line 2:
ORA-00903: invalid table name 


SQL> ed
Wrote file afiedt.buf

  1  create table
  2  (
  3  	order_id number(12),
  4  	line_item_id	number(3),
  5  	product_id	number(6),
  6  	unit_price	number(8,2),
  7  	quantity number(8)
  8  )
  9  oraganization external
 10  (
 11  	TYPE oracle_loader
 12  	DEFAULT DIRECTORY ext_tables
 13  	ACCESS PARAMETERS
 14  	(
 15  		records delimited by newline fields terminated by','
 16  	)
 17  	LOCATION('order1.txt','order2.txt')
 18* )
SQL> /
(
*
ERROR at line 2:
ORA-00903: invalid table name 


SQL> ed
Wrote file afiedt.buf

  1  create table order_items_ext
  2  (
  3  	order_id number(12),
  4  	line_item_id	number(3),
  5  	product_id	number(6),
  6  	unit_price	number(8,2),
  7  	quantity number(8)
  8  )
  9  oraganization external
 10  (
 11  	TYPE oracle_loader
 12  	DEFAULT DIRECTORY ext_tables
 13  	ACCESS PARAMETERS
 14  	(
 15  		records delimited by newline fields terminated by','
 16  	)
 17  	LOCATION('order1.txt','order2.txt')
 18* )
SQL> /
oraganization external
*
ERROR at line 9:
ORA-00922: missing or invalid option 


SQL> ed
Wrote file afiedt.buf

  1  create table order_items_ext
  2  (
  3  	order_id number(12),
  4  	line_item_id	number(3),
  5  	product_id	number(6),
  6  	unit_price	number(8,2),
  7  	quantity number(8)
  8  )
  9  organization external
 10  (
 11  	TYPE oracle_loader
 12  	DEFAULT DIRECTORY ext_tables
 13  	ACCESS PARAMETERS
 14  	(
 15  		records delimited by newline fields terminated by','
 16  	)
 17  	LOCATION('order1.txt','order2.txt')
 18* )
SQL> ed
Wrote file afiedt.buf

  1  create table order_items_ext
  2  (
  3  	order_id number(12),
  4  	line_item_id	number(3),
  5  	product_id	number(6),
  6  	unit_price	number(8,2),
  7  	quantity number(8)
  8  )
  9  organization external
 10  (
 11  	TYPE oracle_loader
 12  	DEFAULT DIRECTORY ext_tables
 13  	ACCESS PARAMETERS
 14  	(
 15  		records delimited by newline fields terminated by','
 16  	)
 17  	LOCATION('order1.txt','order2.txt')
 18* )
SQL> /
	DEFAULT DIRECTORY ext_tables
	                  *
ERROR at line 12:
ORA-06564: object EXT_TABLES does not exist 


SQL> CREATE TABLE order_items_ext
  2  2 (order_idnumber(12),
  3  3 line_item_idnumber(3),
  4  4 product_idnumber(6),
  5  5 unit_pricenumber(8,2),
  6  6 quantity number(8))
  7  7 ORGANIZATION EXTERNAL
  8  8 (TYPE oracle_loader
  9  9 DEFAULT DIRECTORY ext_tables
 10  10 ACCESS PARAMETERS
 11  11 (records delimited by newline fields terminated by ',')
 12  12 LOCATION('order1.txt','order2.txt'));
2 (order_idnumber(12),
*
ERROR at line 2:
ORA-00922: missing or invalid option 


SQL> ed
Wrote file afiedt.buf

  1  CREATE TABLE order_items_ext
  2   (order_idnumber(12),
  3   line_item_idnumber(3),
  4   product_idnumber(6),
  5   unit_pricenumber(8,2),
  6   quantity number(8))
  7   ORGANIZATION EXTERNAL
  8   (TYPE oracle_loader
  9   DEFAULT DIRECTORY ext_tables
 10   ACCESS PARAMETERS
 11   (records delimited by newline fields terminated by ',')
 12*  LOCATION('order1.txt','order2.txt'))
SQL> /
 (order_idnumber(12),
                *
ERROR at line 2:
ORA-00902: invalid datatype 


SQL> select * from drder_items_ext;
select * from drder_items_ext
              *
ERROR at line 1:
ORA-00942: table or view does not exist 


SQL> select * from order_items_ext;
select * from order_items_ext
              *
ERROR at line 1:
ORA-00942: table or view does not exist 


SQL> ed
Wrote file afiedt.buf

  1* select * from order_items_ext
SQL> ed
Wrote file afiedt.buf

  1    create table order_items_ext
  2    (
  3      order_id number(12),
  4      line_item_id    number(3),
  5      product_id      number(6),
  6      unit_price      number(8,2),
  7      quantity number(8)
  8      )
  9      organization external
 10     (
 11       TYPE oracle_loader
 12       DEFAULT DIRECTORY ext_tables
 13       ACCESS PARAMETERS
 14       (
 15               records delimited by newline fields terminated by','
 16        )
 17        LOCATION('order1.txt','order2.txt')
 18*  * )
SQL> /
 * )
 *
ERROR at line 18:
ORA-00907: missing right parenthesis 


SQL> ed
Wrote file afiedt.buf

  1  create table order_items_ext
  2   (
  3      order_id number(12),
  4      line_item_id    number(3),
  5      product_id      number(6),
  6      unit_price      number(8,2),
  7      quantity number(8)
  8  )
  9      organization external
 10  (
 11       TYPE oracle_loader
 12       DEFAULT DIRECTORY ext_tables
 13       ACCESS PARAMETERS
 14  (
 15       records delimited by newline fields terminated by','
 16  )
 17*       LOCATION('order1.txt','order2.txt'))
SQL> /
     DEFAULT DIRECTORY ext_tables
                       *
ERROR at line 12:
ORA-06564: object EXT_TABLES does not exist 


SQL> ed
Wrote file afiedt.buf

  1  create table order_items_ext
  2   (
  3      order_id number(12),
  4      line_item_id    number(3),
  5      product_id      number(6),
  6      unit_price      number(8,2),
  7      quantity number(8)
  8  )
  9      organization external
 10  (
 11       TYPE oracle_loader
 12       DEFAULT DIRECTORY ext_tables
 13       ACCESS PARAMETERS
 14  (
 15       records delimited by newline fields terminated by','
 16  )
 17*       LOCATION('order1.txt','order2.txt'))
SQL> /
     DEFAULT DIRECTORY ext_tables
                       *
ERROR at line 12:
ORA-06564: object EXT_TABLES does not exist 


SQL> create or replace directory ext_tables as'c:\DEV\';

Directory created.

SQL> ed
Wrote file afiedt.buf

  1    create table order_items_ext
  2     (
  3        order_id number(12),
  4        line_item_id    number(3),
  5        product_id      number(6),
  6        unit_price      number(8,2),
  7        quantity number(8)
  8    )
  9        organization external
 10    (
 11         TYPE oracle_loader
 12         DEFAULT DIRECTORY ext_tables
 13         ACCESS PARAMETERS
 14    (
 15         records delimited by newline fields terminated by','
 16    )
 17*        LOCATION('order1.txt','order2.txt'))
SQL> /

Table created.

SQL> select * from order_items_ext;

  ORDER_ID LINE_ITEM_ID PRODUCT_ID UNIT_PRICE   QUANTITY                        
---------- ------------ ---------- ---------- ----------                        
      2355            1       2289         46        200                        
      2355            2       2264         50        100                        
      2356            1       2264        100         10                        
      2357            1       2289         46        300                        
      2357            2       2264         50        300                        
      2358            1       2264        100         15                        

6 rows selected.

SQL> select location from dba_external_locations;

LOCATION                                                                        
--------------------------------------------------------------------------------
order1.txt                                                                      
order2.txt                                                                      

SQL> show user
USER is "SYS"
SQL> conn scott/tiger
Connected.
SQL> desc emp;
 Name                                      Null?    Type
 ----------------------------------------- -------- ----------------------------
 EMPNO                                     NOT NULL NUMBER(4)
 ENAME                                              VARCHAR2(10)
 JOB                                                VARCHAR2(9)
 MGR                                                NUMBER(4)
 HIREDATE                                           DATE
 SAL                                                NUMBER(7,2)
 COMM                                               NUMBER(7,2)
 DEPTNO                                             NUMBER(2)

SQL> select * from emp;

     EMPNO ENAME                JOB                       MGR HIREDATE          
---------- -------------------- ------------------ ---------- --------          
       SAL       COMM     DEPTNO                                                
---------- ---------- ----------                                                
      7369 SMITH                CLERK                    7902 80/12/17          
       800                    20                                                
                                                                                
      7499 ALLEN                SALESMAN                 7698 81/02/20          
      1600        300         30                                                
                                                                                
      7521 WARD                 SALESMAN                 7698 81/02/22          
      1250        500         30                                                
                                                                                

     EMPNO ENAME                JOB                       MGR HIREDATE          
---------- -------------------- ------------------ ---------- --------          
       SAL       COMM     DEPTNO                                                
---------- ---------- ----------                                                
      7566 JONES                MANAGER                  7839 81/04/02          
      2975                    20                                                
                                                                                
      7654 MARTIN               SALESMAN                 7698 81/09/28          
      1250       1400         30                                                
                                                                                
      7698 BLAKE                MANAGER                  7839 81/05/01          
      2850                    30                                                
                                                                                

     EMPNO ENAME                JOB                       MGR HIREDATE          
---------- -------------------- ------------------ ---------- --------          
       SAL       COMM     DEPTNO                                                
---------- ---------- ----------                                                
      7782 CLARK                MANAGER                  7839 81/06/09          
      2450                    10                                                
                                                                                
      7839 KING                 PRESIDENT                     81/11/17          
      5000                    10                                                
                                                                                
      7844 TURNER               SALESMAN                 7698 81/09/08          
      1500          0         30                                                
                                                                                

     EMPNO ENAME                JOB                       MGR HIREDATE          
---------- -------------------- ------------------ ---------- --------          
       SAL       COMM     DEPTNO                                                
---------- ---------- ----------                                                
      7900 JAMES                CLERK                    7698 81/12/03          
       950                    30                                                
                                                                                
      7902 FORD                 ANALYST                  7566 81/12/03          
      3000                    20                                                
                                                                                
      7934 MILLER               CLERK                    7782 82/01/23          
      1300                    10                                                
                                                                                

12 rows selected.

SQL> set linesize 140
SQL> select * from emp;

     EMPNO ENAME                JOB                       MGR HIREDATE        SAL       COMM     DEPTNO                                     
---------- -------------------- ------------------ ---------- -------- ---------- ---------- ----------                                     
      7369 SMITH                CLERK                    7902 80/12/17        800                    20                                     
      7499 ALLEN                SALESMAN                 7698 81/02/20       1600        300         30                                     
      7521 WARD                 SALESMAN                 7698 81/02/22       1250        500         30                                     
      7566 JONES                MANAGER                  7839 81/04/02       2975                    20                                     
      7654 MARTIN               SALESMAN                 7698 81/09/28       1250       1400         30                                     
      7698 BLAKE                MANAGER                  7839 81/05/01       2850                    30                                     
      7782 CLARK                MANAGER                  7839 81/06/09       2450                    10                                     
      7839 KING                 PRESIDENT                     81/11/17       5000                    10                                     
      7844 TURNER               SALESMAN                 7698 81/09/08       1500          0         30                                     
      7900 JAMES                CLERK                    7698 81/12/03        950                    30                                     
      7902 FORD                 ANALYST                  7566 81/12/03       3000                    20                                     

     EMPNO ENAME                JOB                       MGR HIREDATE        SAL       COMM     DEPTNO                                     
---------- -------------------- ------------------ ---------- -------- ---------- ---------- ----------                                     
      7934 MILLER               CLERK                    7782 82/01/23       1300                    10                                     

12 rows selected.

SQL> col ename format a15
SQL> col job format a10
SQL> r
  1* select * from emp

     EMPNO ENAME           JOB               MGR HIREDATE        SAL       COMM     DEPTNO                                                  
---------- --------------- ---------- ---------- -------- ---------- ---------- ----------                                                  
      7369 SMITH           CLERK            7902 80/12/17        800                    20                                                  
      7499 ALLEN           SALESMAN         7698 81/02/20       1600        300         30                                                  
      7521 WARD            SALESMAN         7698 81/02/22       1250        500         30                                                  
      7566 JONES           MANAGER          7839 81/04/02       2975                    20                                                  
      7654 MARTIN          SALESMAN         7698 81/09/28       1250       1400         30                                                  
      7698 BLAKE           MANAGER          7839 81/05/01       2850                    30                                                  
      7782 CLARK           MANAGER          7839 81/06/09       2450                    10                                                  
      7839 KING            PRESIDENT             81/11/17       5000                    10                                                  
      7844 TURNER          SALESMAN         7698 81/09/08       1500          0         30                                                  
      7900 JAMES           CLERK            7698 81/12/03        950                    30                                                  
      7902 FORD            ANALYST          7566 81/12/03       3000                    20                                                  

     EMPNO ENAME           JOB               MGR HIREDATE        SAL       COMM     DEPTNO                                                  
---------- --------------- ---------- ---------- -------- ---------- ---------- ----------                                                  
      7934 MILLER          CLERK            7782 82/01/23       1300                    10                                                  

12 rows selected.

SQL> col ename format a10
SQL> r
  1* select * from emp

     EMPNO ENAME      JOB               MGR HIREDATE        SAL       COMM     DEPTNO                                                       
---------- ---------- ---------- ---------- -------- ---------- ---------- ----------                                                       
      7369 SMITH      CLERK            7902 80/12/17        800                    20                                                       
      7499 ALLEN      SALESMAN         7698 81/02/20       1600        300         30                                                       
      7521 WARD       SALESMAN         7698 81/02/22       1250        500         30                                                       
      7566 JONES      MANAGER          7839 81/04/02       2975                    20                                                       
      7654 MARTIN     SALESMAN         7698 81/09/28       1250       1400         30                                                       
      7698 BLAKE      MANAGER          7839 81/05/01       2850                    30                                                       
      7782 CLARK      MANAGER          7839 81/06/09       2450                    10                                                       
      7839 KING       PRESIDENT             81/11/17       5000                    10                                                       
      7844 TURNER     SALESMAN         7698 81/09/08       1500          0         30                                                       
      7900 JAMES      CLERK            7698 81/12/03        950                    30                                                       
      7902 FORD       ANALYST          7566 81/12/03       3000                    20                                                       

     EMPNO ENAME      JOB               MGR HIREDATE        SAL       COMM     DEPTNO                                                       
---------- ---------- ---------- ---------- -------- ---------- ---------- ----------                                                       
      7934 MILLER     CLERK            7782 82/01/23       1300                    10                                                       

12 rows selected.

SQL> select empno,ename,job from emp;

     EMPNO ENAME      JOB                                                                                                                   
---------- ---------- ----------                                                                                                            
      7369 SMITH      CLERK                                                                                                                 
      7499 ALLEN      SALESMAN                                                                                                              
      7521 WARD       SALESMAN                                                                                                              
      7566 JONES      MANAGER                                                                                                               
      7654 MARTIN     SALESMAN                                                                                                              
      7698 BLAKE      MANAGER                                                                                                               
      7782 CLARK      MANAGER                                                                                                               
      7839 KING       PRESIDENT                                                                                                             
      7844 TURNER     SALESMAN                                                                                                              
      7900 JAMES      CLERK                                                                                                                 
      7902 FORD       ANALYST                                                                                                               

     EMPNO ENAME      JOB                                                                                                                   
---------- ---------- ----------                                                                                                            
      7934 MILLER     CLERK                                                                                                                 

12 rows selected.

SQL> select ename, sal,sal*300 from emp;

ENAME             SAL    SAL*300                                                                                                            
---------- ---------- ----------                                                                                                            
SMITH             800     240000                                                                                                            
ALLEN            1600     480000                                                                                                            
WARD             1250     375000                                                                                                            
JONES            2975     892500                                                                                                            
MARTIN           1250     375000                                                                                                            
BLAKE            2850     855000                                                                                                            
CLARK            2450     735000                                                                                                            
KING             5000    1500000                                                                                                            
TURNER           1500     450000                                                                                                            
JAMES             950     285000                                                                                                            
FORD             3000     900000                                                                                                            

ENAME             SAL    SAL*300                                                                                                            
---------- ---------- ----------                                                                                                            
MILLER           1300     390000                                                                                                            

12 rows selected.

SQL> select empno,ename,sal,comm
  2  from emp;

     EMPNO ENAME             SAL       COMM                                                                                                 
---------- ---------- ---------- ----------                                                                                                 
      7369 SMITH             800                                                                                                            
      7499 ALLEN            1600        300                                                                                                 
      7521 WARD             1250        500                                                                                                 
      7566 JONES            2975                                                                                                            
      7654 MARTIN           1250       1400                                                                                                 
      7698 BLAKE            2850                                                                                                            
      7782 CLARK            2450                                                                                                            
      7839 KING             5000                                                                                                            
      7844 TURNER           1500          0                                                                                                 
      7900 JAMES             950                                                                                                            
      7902 FORD             3000                                                                                                            

     EMPNO ENAME             SAL       COMM                                                                                                 
---------- ---------- ---------- ----------                                                                                                 
      7934 MILLER           1300                                                                                                            

12 rows selected.

SQL> select ename, sal,comm,sal*12+nvl(comm,0)
  2  from emp;

ENAME             SAL       COMM SAL*12+NVL(COMM,0)                                                                                         
---------- ---------- ---------- ------------------                                                                                         
SMITH             800                          9600                                                                                         
ALLEN            1600        300              19500                                                                                         
WARD             1250        500              15500                                                                                         
JONES            2975                         35700                                                                                         
MARTIN           1250       1400              16400                                                                                         
BLAKE            2850                         34200                                                                                         
CLARK            2450                         29400                                                                                         
KING             5000                         60000                                                                                         
TURNER           1500          0              18000                                                                                         
JAMES             950                         11400                                                                                         
FORD             3000                         36000                                                                                         

ENAME             SAL       COMM SAL*12+NVL(COMM,0)                                                                                         
---------- ---------- ---------- ------------------                                                                                         
MILLER           1300                         15600                                                                                         

12 rows selected.

SQL> spool off
